Metric,Mean,CI_low,CI_high
Accuracy,0.986769,0.981202,0.992265
Macro F1,0.985641,0.979236,0.991443
Macro AUC,0.999620,0.998919,0.999975
